Latitude,Longitude,Elevation
46.34140004,6.484426189,547.0
46.34126436,6.484597221,547.0
46.34111255,6.484736952,547.0
46.34096779,6.484891579,548.0
46.34082299,6.485046129,548.0
46.34068129,6.485206606,549.0
46.34055576,6.485393194,550.0
46.34043184,6.485582020,552.0
46.34029447,6.485750193,553.0
46.34013513,6.485871054,555.0
46.33997398,6.485986768,557.0
46.33981276,6.486102275,559.0
46.33965740,6.486233547,560.0
46.33950419,6.486370033,562.0
46.33934844,6.486500326,564.0
46.33918277,6.486601762,566.0
46.33902751,6.486733279,569.0
46.33886233,6.486836370,570.0
46.33868989,6.486910384,572.0
46.33853309,6.487038016,573.0
46.33839280,6.487201043,575.0
46.33824280,6.487344812,576.0
46.33809554,6.487494386,576.0
46.33795143,6.487650275,576.0
46.33781785,6.487824722,576.0
46.33767365,6.487980438,576.0
46.33752941,6.488136079,575.0
46.33738335,6.488288103,575.0
46.33724696,6.488457942,574.0
46.33711467,6.488634438,574.0
46.33697448,6.488797648,573.0
46.33683668,6.488965076,573.0
46.33669562,6.489126696,572.0
46.33655719,6.489293036,573.0
46.33641465,6.489451910,573.0
46.33627006,6.489606863,574.0
46.33612221,6.489755216,575.0
46.33597882,6.489912475,575.0
46.33583788,6.490074303,575.0
46.33571317,6.490262003,576.0
46.33561183,6.490477220,577.0
46.33549905,6.490680150,577.0
46.33537624,6.490870471,577.0
46.33525333,6.491060663,577.0
46.33512834,6.491247985,577.0
46.33500461,6.491437063,577.0
46.33488443,6.491630890,577.0
46.33477290,6.491834946,577.0
46.33473149,6.492085088,577.0
46.33482098,6.492310616,578.0
46.33494488,6.492499460,579.0
46.33506974,6.492686685,580.0
46.33517088,6.492902093,580.0
46.33526947,6.493119973,581.0
46.33537253,6.493333474,582.0
46.33547386,6.493548708,582.0
46.33557300,6.493766065,582.0
46.33567140,6.493984115,582.0
46.33577597,6.494196052,582.0
46.33588851,6.494399247,582.0
46.33600824,6.494593634,582.0
46.33613459,6.494778990,582.0
46.33626946,6.494951329,582.0
46.33640978,6.495114299,582.0
46.33654536,6.495285158,582.0
46.33665673,6.495489123,582.0
46.33673447,6.495723620,581.0
46.33684962,6.495920747,582.0
46.33700839,6.496040988,583.0
46.33712866,6.496228768,585.0
46.33717677,6.496479727,587.0
46.33721118,6.496734919,589.0
46.33721152,6.496994439,591.0
46.33716951,6.497247298,594.0
46.33709607,6.497483189,596.0
46.33696552,6.497649003,597.0
46.33679443,6.497726444,597.0
46.33663998,6.497855990,598.0
46.33650212,6.498022935,597.0
46.33636048,6.498182909,596.0
46.33623884,6.498372435,595.0
46.33614618,6.498595411,594.0
46.33606895,6.498830382,594.0
46.33600590,6.499074286,594.0
46.33594343,6.499318222,593.0
46.33586257,6.499550507,593.0
46.33576966,6.499773564,592.0
46.33567465,6.499994579,592.0
46.33555534,6.500183305,591.0
46.33539590,6.500298625,591.0
46.33522395,6.500374761,590.0
46.33505779,6.500472580,590.0
46.33489478,6.500581054,590.0
46.33472902,6.500680330,590.0
46.33458899,6.500835308,590.0
46.33447729,6.501039488,590.0
46.33436516,6.501243164,590.0
46.33425295,6.501446749,591.0
46.33414105,6.501650687,591.0
46.33402222,6.501845831,591.0
46.33389560,6.502030841,592.0
46.33376465,6.502209120,592.0
46.33362554,6.502374122,592.0
46.33348632,6.502538845,591.0
46.33336078,6.502724112,591.0
46.33327627,6.502947833,591.0
46.33324318,6.503202938,592.0
46.33323939,6.503462569,592.0
46.33326546,6.503719300,592.0
46.33331877,6.503967518,591.0
46.33338856,6.504207489,591.0
46.33346566,6.504442810,594.0
46.33354909,6.504673498,595.0
46.33364084,6.504897449,597.0
46.33374091,6.505113787,599.0
46.33385001,6.505320695,601.0
46.33396696,6.505518548,603.0
46.33408906,6.505709772,604.0
46.33421667,6.505893239,604.0
46.33434407,6.506076959,606.0
46.33445491,6.506280656,607.0
46.33452852,6.506515178,608.0
46.33455780,6.506770660,610.0
46.33456180,6.507030975,611.0
46.33456704,6.507291157,612.0
46.33459505,6.507547438,613.0
46.33465629,6.507790914,613.0
46.33474061,6.508020852,613.0
46.33482927,6.508247502,613.0
46.33492142,6.508471076,614.0
46.33501964,6.508689300,615.0
46.33512275,6.508902658,616.0
46.33523736,6.509102873,616.0
46.33536456,6.509286802,615.0
46.33549830,6.509460947,614.0
46.33563006,6.509638083,613.0
46.33575625,6.509823684,613.0
46.33587882,6.510014307,613.0
46.33597182,6.510232221,611.0
46.33596559,6.510472416,611.0
46.33588381,6.510704161,610.0
46.33580662,6.510938966,611.0
46.33575870,6.511188531,613.0
46.33577722,6.511439706,613.0
46.33584269,6.511682085,613.0
46.33590847,6.511924424,615.0
46.33594336,6.512177798,617.0
46.33594236,6.512437500,619.0
46.33592185,6.512696143,620.0
46.33588634,6.512951252,621.0
46.33584565,6.513205004,622.0
46.33581567,6.513461597,623.0
46.33581501,6.513720683,624.0
46.33584867,6.513975582,624.0
46.33589851,6.514225854,625.0
46.33595153,6.514474781,626.0
46.33600218,6.514724723,627.0
46.33605126,6.514975346,629.0
46.33609475,6.515228022,630.0
46.33610733,6.515485900,631.0
46.33607134,6.515738539,633.0
46.33600131,6.515977853,635.0
46.33591673,6.516207650,636.0
46.33583880,6.516442060,638.0
46.33580602,6.516694047,641.0
46.33586948,6.516922329,644.0
46.33599394,6.517108759,646.0
46.33612981,6.517279429,648.0
46.33626389,6.517453002,648.0
46.33639887,6.517625145,649.0
46.33653734,6.517791361,649.0
46.33668222,6.517945448,650.0
46.33682773,6.518098498,651.0
46.33696845,6.518260648,651.0
46.33711054,6.518420250,651.0
46.33725417,6.518577078,650.0
46.33738808,6.518750264,650.0
46.33751103,6.518940226,650.0
46.33762999,6.519135620,651.0
46.33774836,6.519331782,651.0
46.33786526,6.519529765,651.0
46.33795902,6.519750113,651.0
46.33800115,6.519999465,653.0
46.33801315,6.520259267,654.0
46.33799121,6.520515795,656.0
46.33791381,6.520746440,657.0
46.33779862,6.520945304,658.0
46.33765955,6.521108606,659.0
46.33751642,6.521266183,659.0
46.33736489,6.521404853,661.0
46.33720712,6.521529947,663.0
46.33706959,6.521693812,665.0
46.33695867,6.521897773,668.0
46.33683469,6.522083857,672.0
46.33667414,6.522096257,675.0
46.33657855,6.521899527,677.0
46.33654712,6.521645053,675.0
46.33656095,6.521386700,672.0
46.33658400,6.521128336,669.0
46.33662535,6.520875257,666.0
46.33663290,6.520616849,665.0
46.33659417,6.520363891,664.0
46.33651602,6.520130485,663.0
46.33641796,6.519912350,662.0
46.33626977,6.519774046,662.0
46.33609754,6.519819616,662.0
46.33593337,6.519925125,662.0
46.33576707,6.520024283,663.0
46.33560104,6.520124496,665.0
46.33543788,6.520234091,668.0
46.33529231,6.520386228,670.0
46.33518601,6.520595111,672.0
46.33508775,6.520813295,675.0
46.33495798,6.520992894,680.0
46.33479926,6.521114155,685.0
46.33462056,6.521130511,686.0
46.33444981,6.521049410,686.0
46.33427399,6.520995168,687.0
46.33409864,6.521052261,690.0
46.33393583,6.521162983,693.0
46.33377556,6.521280984,696.0
46.33363000,6.521433993,699.0
46.33348468,6.521585124,700.0
46.33330744,6.521602469,701.0
46.33313905,6.521510915,705.0
46.33297392,6.521409306,709.0
46.33282701,6.521259892,712.0
46.33270381,6.521072871,715.0
46.33262830,6.520837299,717.0
46.33256832,6.520593443,717.0
46.33247432,6.520371403,719.0
46.33239003,6.520141730,720.0
46.33233607,6.519896154,721.0
46.33232940,6.519635839,723.0
46.33229312,6.519393902,725.0
46.33215050,6.519267554,729.0
46.33197358,6.519298513,731.0
46.33180471,6.519387661,734.0
46.33164223,6.519498592,736.0
46.33148370,6.519621229,738.0
46.33132583,6.519743816,741.0
46.33117999,6.519896265,743.0
46.33102435,6.519972791,745.0
46.33086928,6.519859536,749.0
46.33075707,6.519657779,752.0
46.33067976,6.519424710,755.0
46.33064952,6.519171048,757.0
46.33068574,6.518922442,760.0
46.33077535,6.518697054,761.0
46.33087548,6.518480664,761.0
46.33097697,6.518265618,762.0
46.33108600,6.518058859,765.0
46.33120651,6.517865607,766.0
46.33132587,6.517671129,768.0
46.33143176,6.517460939,769.0
46.33150166,6.517226310,770.0
46.33148785,6.516976335,773.0
46.33140976,6.516742696,776.0
46.33130763,6.516529022,778.0
46.33120126,6.516319318,779.0
46.33110235,6.516101754,780.0
46.33097213,6.515934657,780.0
46.33080446,6.515845555,780.0
46.33063194,6.515772675,781.0
46.33046527,6.515675786,781.0
46.33029854,6.515578791,781.0
46.33013319,6.515477313,781.0
46.32997023,6.515367112,780.0
46.32980360,6.515269505,781.0
46.32963758,6.515169794,781.0
46.32948365,6.515037406,780.0
46.32934294,6.514875561,779.0
46.32921120,6.514698433,778.0
46.32907825,6.514523228,778.0
46.32893205,6.514372909,778.0
46.32877305,6.514252030,778.0
46.32860970,6.514143000,777.0
46.32844380,6.514042658,777.0
46.32827488,6.513953295,777.0
46.32810754,6.513858173,776.0
46.32793778,6.513773536,776.0
46.32776390,6.513707090,776.0
46.32758904,6.513646054,775.0
46.32741702,6.513571118,774.0
46.32725494,6.513460587,773.0
46.32709813,6.513333013,771.0
46.32693060,6.513244201,770.0
46.32675405,6.513196136,770.0
46.32657509,6.513172943,770.0
46.32639532,6.513168142,769.0
46.32621555,6.513161947,769.0
46.32603656,6.513138435,768.0
46.32585880,6.513099225,768.0
46.32568133,6.513056831,768.0
46.32550321,6.513020883,768.0
46.32532572,6.512979320,768.0
46.32514771,6.512943093,768.0
46.32496868,6.512945671,768.0
46.32479091,6.512983390,770.0
46.32461594,6.513042938,772.0
46.32443834,6.513066721,774.0
46.32426516,6.513007851,774.0
46.32409953,6.512907017,774.0
46.32394024,6.512786391,775.0
46.32377361,6.512690520,777.0
46.32360242,6.512610671,779.0
46.32343421,6.512518889,780.0
46.32327080,6.512410348,782.0
46.32311169,6.512289038,783.0
46.32295670,6.512156995,784.0
46.32281051,6.512005761,784.0
46.32266567,6.511851377,784.0
46.32251448,6.511710576,784.0
46.32236006,6.511577047,784.0
46.32220238,6.511451850,785.0
46.32204465,6.511326691,785.0
46.32189667,6.511179449,785.0
46.32175196,6.511024773,785.0
46.32159850,6.510889654,785.0
46.32144351,6.510757535,786.0
46.32129235,6.510616478,786.0
46.32114302,6.510471301,786.0
46.32099761,6.510318127,786.0
46.32085508,6.510159283,786.0
46.32071630,6.509993669,786.0
46.32058133,6.509821556,785.0
46.32044131,6.509658292,784.0
46.32029025,6.509517584,783.0
46.32013020,6.509399203,783.0
46.31996264,6.509305316,783.0
46.31978812,6.509244389,782.0
46.31960928,6.509223246,782.0
46.31943010,6.509239557,782.0
46.31925298,6.509283628,783.0
46.31907852,6.509346552,783.0
46.31890645,6.509422214,785.0
46.31873599,6.509505285,786.0
46.31856549,6.509588218,788.0
46.31839442,6.509668644,789.0
46.31822427,6.509753019,791.0
46.31806243,6.509865447,793.0
46.31791771,6.510018581,796.0
46.31778262,6.510190406,799.0
46.31763999,6.510348641,802.0
46.31746952,6.510412389,803.0
46.31729369,6.510370782,803.0
46.31711899,6.510308870,803.0
46.31694190,6.510263989,803.0
46.31676252,6.510249063,804.0
46.31658446,6.510280772,805.0
46.31640838,6.510333641,806.0
46.31623077,6.510374181,807.0
46.31605242,6.510407863,808.0
46.31587423,6.510443212,809.0
46.31569513,6.510466650,810.0
46.31552115,6.510410002,811.0
46.31536235,6.510289428,810.0
46.31520135,6.510173467,809.0
46.31503517,6.510073997,809.0
46.31486905,6.509974189,809.0
46.31469835,6.509892467,809.0
46.31452341,6.509832357,810.0
46.31434629,6.509787305,811.0
46.31417083,6.509730262,811.0
46.31399701,6.509663398,814.0
46.31382501,6.509587281,816.0
46.31365707,6.509494235,818.0
46.31349481,6.509382109,819.0
46.31333487,6.509262996,820.0
46.31317624,6.509140235,822.0
46.31301354,6.509029342,824.0
46.31283971,6.508964697,826.0
46.31266818,6.508886652,829.0
46.31251420,6.508753509,830.0
46.31236367,6.508610986,832.0
46.31221436,6.508465791,834.0
46.31207650,6.508298781,835.0
46.31194262,6.508124896,837.0
46.31180087,6.507964707,838.0
46.31164483,6.507835676,840.0
46.31146716,6.507812051,845.0
46.31130771,6.507928250,851.0
46.31113372,6.507993369,857.0
46.31098066,6.507859104,860.0
46.31087465,6.507648942,861.0
46.31079082,6.507418783,862.0
46.31073121,6.507173123,861.0
46.31066365,6.506931938,861.0
46.31057427,6.506706836,861.0
46.31044430,6.506526880,862.0
46.31030804,6.506356930,863.0
46.31016756,6.506194329,865.0
46.31003540,6.506019914,865.0
46.30995190,6.505790116,865.0
46.30982732,6.505618442,866.0
46.30967188,6.505702794,872.0
46.30965842,6.505958194,876.0
46.30971635,6.506204687,878.0
46.30976963,6.506453382,879.0
46.30982125,6.506702811,881.0
46.30987469,6.506951437,882.0
46.30993139,6.507198494,883.0
46.30999384,6.507442595,884.0
46.31003547,6.507693389,886.0
46.31002235,6.507953003,889.0
46.31001847,6.508208132,893.0
46.31008709,6.508448389,894.0
46.31017392,6.508676402,896.0
46.31026849,6.508897495,896.0
46.31037821,6.509103803,896.0
46.31048971,6.509308063,896.0
46.31059333,6.509520711,897.0
46.31068862,6.509741509,898.0
46.31078714,6.509959314,899.0
46.31088056,6.510181834,900.0
46.31097074,6.510407014,901.0
46.31104917,6.510641115,903.0
46.31111109,6.510885276,905.0
46.31115489,6.511137684,908.0
46.31117857,6.511394572,912.0


46.31020545,6.512033444,955.0
46.31007857,6.512217975,962.0
46.30996646,6.512420554,969.0
46.30992369,6.512673460,976.0
46.30988737,6.512928470,983.0
46.30984305,6.513180690,990.0
46.30977364,6.513420320,998.0
46.30966225,6.513624267,1008.0
46.30952362,6.513790017,1018.0
46.30938823,6.513941815,1028.0
46.30944768,6.514186796,1033.0
46.30952726,6.514420169,1039.0
46.30959303,6.514662200,1046.0
46.30964403,6.514911897,1054.0
46.30967849,6.515163339,1064.0
46.30962147,6.515387667,1077.0
46.30947233,6.515415592,1084.0
46.30936719,6.515211869,1080.0
46.30934505,6.515170687,1079.0
46.30936980,6.515428547,1089.0
46.30942013,6.515672752,1097.0
46.30955384,6.515754206,1096.0
46.30950434,6.515510633,1087.0
46.30962488,6.515667319,1089.0
46.30959374,6.515487040,1082.0
46.30956733,6.515230058,1072.0
46.30948185,6.515004585,1066.0
46.30933547,6.514855038,1067.0
46.30918344,6.514715898,1068.0
46.30903382,6.514571394,1070.0
46.30901580,6.514322196,1061.0
46.30890187,6.514133045,1060.0
46.30887679,6.513951897,1055.0
46.30904797,6.513887286,1043.0
46.30921271,6.513783547,1030.0
46.30937759,6.513679494,1020.0
46.30953045,6.513542566,1010.0
46.30956379,6.513291272,1002.0
46.30958948,6.513040320,996.0
46.30975801,6.512950186,988.0
46.30993166,6.512896023,980.0
46.31006632,6.512723502,972.0
46.31019574,6.512544621,964.0
46.31035910,6.512438734,958.0
46.31053661,6.512397616,952.0
46.31070799,6.512323504,945.0
46.31085549,6.512176296,937.0
46.31097204,6.511978921,929.0
46.31106467,6.511755942,922.0
46.31116020,6.511538895,915.0
46.31118674,6.511284196,909.0
46.31115346,6.511028745,906.0
46.31109187,6.510785171,904.0
46.31100529,6.510557288,902.0
46.31093772,6.510316149,900.0
46.31087695,6.510071552,898.0
46.31079711,6.509838217,896.0
46.31071277,6.509608576,894.0
46.31061491,6.509390124,893.0
46.31052817,6.509163050,892.0
46.31046414,6.508919847,890.0
46.31037933,6.508692776,890.0
46.31025925,6.508498928,890.0
46.31014214,6.508301712,890.0
46.31003801,6.508089410,891.0
46.30992565,6.507889607,892.0
46.30977375,6.507754601,895.0
46.30960461,6.507666086,900.0
46.30943905,6.507565051,905.0
46.30928286,6.507437096,909.0
46.30915129,6.507265615,912.0
46.30907859,6.507032036,911.0
46.30900150,6.506818443,910.0
46.30883444,6.506754366,913.0
46.30865467,6.506759310,918.0
46.30848053,6.506812445,923.0
46.30831005,6.506895442,928.0
46.30813384,6.506924901,932.0
46.30795913,6.506874651,936.0
46.30778855,6.506792121,938.0
46.30761580,6.506720426,941.0
46.30743967,6.506668493,944.0
46.30726622,6.506601877,945.0
46.30709839,6.506508845,945.0
46.30693294,6.506406723,946.0
46.30676972,6.506297486,946.0
46.30660587,6.506190185,946.0
46.30643432,6.506115668,947.0
46.30625665,6.506077994,948.0
46.30607809,6.506046893,950.0
46.30590112,6.506001294,951.0
46.30572670,6.505938208,952.0
46.30555105,6.505883319,953.0
46.30537240,6.505857685,955.0
46.30519283,6.505843011,958.0
46.30501307,6.505837981,960.0
46.30483331,6.505831454,962.0
46.30465364,6.505819216,963.0
46.30447389,6.505818036,965.0
46.30429405,6.505822155,967.0
46.30411427,6.505816872,969.0
46.30393459,6.505821124,971.0
46.30375578,6.505847297,973.0
46.30360660,6.505972146,977.0
46.30350277,6.506181809,984.0
46.30340640,6.506401574,991.0
46.30330703,6.506618592,998.0
46.30328471,6.506865887,1009.0
46.30339614,6.507045464,1015.0
46.30354606,6.507189197,1019.0
46.30368790,6.507348860,1023.0
46.30385566,6.507428536,1024.0
46.30403096,6.507393143,1020.0
46.30420347,6.507319814,1015.0
46.30438159,6.507313955,1012.0
46.30427469,6.507165882,1008.0
46.30410846,6.507069882,1006.0
46.30392976,6.507050031,1008.0
46.30375267,6.507005568,1008.0
46.30359534,6.506881723,1005.0
46.30345491,6.506719432,1000.0
46.30338354,6.506482690,993.0
46.30332351,6.506252034,988.0
46.30314543,6.506225551,991.0
46.30296850,6.506272215,996.0
46.30279279,6.506327783,1002.0
46.30261552,6.506370100,1008.0
46.30243582,6.506380604,1012.0
46.30225671,6.506403859,1015.0
46.30207869,6.506441040,1018.0
46.30190055,6.506476868,1022.0
46.30172407,6.506525167,1025.0
46.30155481,6.506613044,1031.0
46.30138766,6.506706665,1036.0
46.30120968,6.506741322,1040.0
46.30103004,6.506734826,1041.0
46.30085145,6.506705869,1041.0
46.30067229,6.506712360,1043.0
46.30050070,6.506783908,1048.0
46.30035133,6.506927889,1055.0
46.30021354,6.507093689,1062.0
46.30005345,6.507210645,1066.0
46.29988421,6.507297269,1067.0
46.29972617,6.507420767,1068.0
46.29957857,6.507569497,1070.0
46.29943566,6.507727306,1072.0
46.29930204,6.507901502,1074.0
46.29917402,6.508084365,1076.0
46.29904730,6.508269108,1079.0
46.29891864,6.508450893,1082.0
46.29878292,6.508621730,1085.0
46.29866762,6.508808265,1088.0
46.29857967,6.508982075,1091.0
46.29842491,6.509111455,1092.0
46.29829883,6.509296617,1095.0
46.29815217,6.509446929,1096.0
46.29800109,6.509588183,1098.0
46.29784085,6.509706307,1099.0
46.29767044,6.509789266,1099.0
46.29750880,6.509680870,1097.0
46.29733822,6.509599749,1097.0
46.29715836,6.509598023,1099.0
46.29697849,6.509598221,1100.0
46.29679864,6.509596515,1102.0
46.29661890,6.509605810,1104.0
46.29643929,6.509619419,1106.0
46.29626067,6.509649587,1108.0
46.29608098,6.509660625,1110.0
46.29590190,6.509684990,1112.0
46.29572273,6.509707764,1115.0
46.29554400,6.509736481,1118.0
46.29536426,6.509737133,1120.0
46.29518692,6.509693723,1122.0
46.29501097,6.509639848,1123.0
46.29483804,6.509568472,1122.0
46.29467022,6.509474965,1122.0
46.29451487,6.509408611,1121.0
46.29467862,6.509488197,1122.0
46.29479991,6.509675918,1124.0
46.29489707,6.509894870,1126.0
46.29500826,6.510098444,1129.0
46.29513931,6.510276028,1130.0
46.29528015,6.510437937,1131.0
46.29542716,6.510586830,1131.0
46.29558180,6.510719728,1132.0
46.29573025,6.510866038,1132.0
46.29587555,6.511019026,1133.0
46.29603141,6.511147772,1134.0
46.29619913,6.511238477,1134.0
46.29637173,6.511310580,1135.0
46.29653997,6.511402453,1136.0
46.29670942,6.511488148,1136.0
46.29688398,6.511550711,1135.0
46.29705411,6.511630086,1134.0
46.29721091,6.511756213,1134.0
46.29735707,6.511907714,1135.0
46.29749751,6.512070282,1136.0
46.29763617,6.512236090,1138.0
46.29777777,6.512396519,1139.0
46.29792623,6.512542941,1139.0
46.29807827,6.512681843,1140.0
46.29821290,6.512850667,1140.0
46.29832323,6.513056039,1142.0
46.29842751,6.513268150,1144.0
46.29853592,6.513475722,1148.0
46.29865620,6.513668667,1151.0
46.29879259,6.513837412,1153.0
46.29893638,6.513993691,1153.0
46.29907036,6.514166499,1154.0
46.29920663,6.514333711,1153.0
46.29936481,6.514455174,1151.0
46.29950846,6.514381522,1149.0
46.29964476,6.514212133,1148.0
46.29979410,6.514068031,1147.0
46.29995345,6.513947857,1146.0
46.30011218,6.513825725,1147.0
46.30026737,6.513694163,1149.0
46.30042625,6.513572595,1153.0
46.30059899,6.513519540,1156.0
46.30077847,6.513525271,1160.0
46.30095423,6.513578095,1163.0
46.30112340,6.513665590,1166.0
46.30129076,6.513760990,1168.0
46.30145970,6.513850290,1171.0
46.30163017,6.513933269,1173.0
46.30180527,6.513991953,1177.0
46.30197555,6.514074908,1181.0
46.30215316,6.514109466,1187.0
46.30229580,6.513965391,1196.0
46.30241327,6.513768491,1206.0
46.30248892,6.513532903,1216.0
46.30260066,6.513329416,1225.0
46.30273645,6.513158929,1235.0
46.30291153,6.513104845,1241.0
46.30308545,6.513038551,1248.0
46.30325601,6.512955923,1254.0
46.30341666,6.513068600,1252.0
46.30352648,6.513274617,1247.0
46.30366626,6.513438449,1243.0
46.30380904,6.513596432,1240.0
46.30397675,6.513690517,1240.0
46.30414503,6.513782206,1241.0
46.30430086,6.513912227,1241.0
46.30445746,6.514039727,1242.0
46.30458219,6.514227267,1245.0
46.30469411,6.514430916,1248.0
46.30477548,6.514662998,1252.0
46.30482875,6.514911666,1255.0
46.30487364,6.515163389,1256.0
46.30497268,6.515378422,1259.0
46.30513257,6.515497614,1262.0
46.30529509,6.515606514,1266.0
46.30542511,6.515786428,1270.0
46.30555636,6.515964452,1275.0
46.30568600,6.516144598,1280.0
46.30579145,6.516354351,1286.0
46.30585591,6.516597392,1289.0
46.30593026,6.516834293,1289.0
46.30602100,6.517059058,1289.0
46.30610393,6.517290103,1290.0
46.30618594,6.517521740,1294.0
46.30628281,6.517740445,1295.0
46.30641059,6.517922457,1298.0
46.30633749,6.517763705,1296.0
46.30630997,6.517983320,1293.0
46.30640517,6.518183509,1295.0
46.30658291,6.518214165,1302.0
46.30674929,6.518312663,1304.0
46.30691011,6.518429197,1298.0
46.30707302,6.518539363,1293.0
46.30722868,6.518668949,1288.0
46.30737007,6.518829815,1284.0
46.30750767,6.518997456,1280.0
46.30765003,6.519156517,1277.0
46.30779807,6.519304339,1274.0
46.30794909,6.519445725,1272.0
46.30809767,6.519592423,1272.0
46.30824917,6.519732756,1273.0
46.30839773,6.519879458,1274.0
46.30854197,6.520034997,1273.0
46.30868297,6.520196465,1271.0
46.30881302,6.520375859,1270.0
46.30893159,6.520570978,1270.0
46.30906858,6.520739707,1273.0
46.30920779,6.520904558,1274.0
46.30935123,6.521061586,1272.0
46.30949701,6.521213868,1271.0
46.30963187,6.521385544,1272.0
46.30975339,6.521577441,1273.0
46.30988246,6.521758566,1276.0
46.31002253,6.521921498,1278.0
46.31017605,6.522055373,1278.0
46.31034359,6.522150049,1279.0
46.31051038,6.522247169,1282.0
46.31067971,6.522334337,1285.0
46.31083935,6.522451867,1289.0
46.31098005,6.522613774,1292.0
46.31111262,6.522789752,1295.0
46.31124223,6.522969514,1299.0
46.31135128,6.523176078,1303.0
46.31144359,6.523399543,1307.0
46.31153356,6.523624967,1310.0
46.31162588,6.523848204,1314.0
46.31169754,6.524085650,1317.0
46.31173127,6.524340836,1319.0
46.31175950,6.524593931,1320.0
46.31184860,6.524819638,1323.0
46.31195044,6.525034137,1325.0
46.31204931,6.525251211,1325.0
46.31216593,6.525448978,1326.0
46.31229857,6.525624218,1328.0
46.31243975,6.525785119,1332.0
46.31256939,6.525965405,1330.0
46.31269624,6.526149181,1326.0
46.31283787,6.526309668,1326.0
46.31298346,6.526462290,1327.0
46.31313336,6.526605960,1331.0
46.31327256,6.526769858,1333.0
46.31340194,6.526949959,1331.0
46.31354348,6.527110570,1329.0
46.31368071,6.527278874,1329.0
46.31381327,6.527454699,1330.0
46.31394087,6.527638133,1330.0
46.31407470,6.527812041,1331.0
46.31421439,6.527975893,1331.0
46.31436204,6.528124251,1329.0
46.31451118,6.528268189,1330.0
46.31463759,6.528451761,1330.0
46.31473677,6.528668450,1330.0
46.31482278,6.528897072,1331.0
46.31491663,6.529119196,1334.0
46.31501777,6.529334199,1333.0
46.31513512,6.529530899,1330.0
46.31526092,6.529716140,1331.0
46.31536985,6.529923339,1334.0
46.31547742,6.530131972,1338.0
46.31559553,6.530327606,1342.0
46.31572786,6.530503973,1350.0
46.31585992,6.530680682,1358.0
46.31599998,6.530843381,1362.0
46.31615361,6.530977965,1366.0
46.31631742,6.531085096,1371.0
46.31647839,6.531195784,1378.0
46.31661475,6.531364936,1385.0
46.31668004,6.531560039,1389.0
46.31672798,6.531766478,1388.0
46.31684509,6.531961768,1386.0
46.31693790,6.532184352,1384.0
46.31702226,6.532414351,1384.0
46.31711606,6.532636039,1383.0
46.31721050,6.532857318,1383.0
46.31728716,6.533092349,1383.0
46.31737005,6.533322286,1385.0
46.31746494,6.533543512,1382.0
46.31755399,6.533769669,1375.0
46.31766390,6.533972438,1368.0
46.31779689,6.534147476,1364.0
46.31793357,6.534316757,1360.0
46.31807087,6.534484987,1357.0
46.31821224,6.534645856,1356.0
46.31835650,6.534801391,1356.0
46.31849442,6.534968086,1353.0
46.31862652,6.535144823,1350.0
46.31875590,6.535325706,1349.0
46.31888856,6.535501396,1350.0
46.31903041,6.535661080,1353.0
46.31917336,6.535819031,1358.0
46.31930706,6.535992757,1354.0
46.31944279,6.536163212,1352.0
46.31958719,6.536318278,1352.0
46.31973421,6.536468317,1353.0
46.31987606,6.536628130,1356.0
46.32000948,6.536802569,1356.0
46.32013544,6.536988341,1351.0
46.32028769,6.537112616,1349.0
46.32046069,6.537183313,1349.0
46.32062802,6.537276694,1349.0
46.32079841,6.537358279,1350.0
46.32097426,6.537411824,1349.0
46.32114708,6.537482103,1347.0
46.32131195,6.537585042,1344.0
46.32147514,6.537694546,1341.0
46.32163505,6.537813548,1339.0
46.32178530,6.537955996,1336.0
46.32193419,6.538102076,1334.0
46.32206621,6.538277121,1331.0
46.32220276,6.538445913,1328.0
46.32235603,6.538580823,1325.0
46.32251878,6.538691265,1324.0
46.32268162,6.538801825,1320.0
46.32285388,6.538871808,1318.0
46.32302831,6.538935119,1316.0
46.32319299,6.539037457,1314.0
46.32335268,6.539157268,1313.0
46.32350681,6.539291251,1308.0
46.32365814,6.539432022,1303.0
46.32380895,6.539573965,1299.0
46.32392835,6.539764975,1294.0
46.32404015,6.539968988,1290.0
46.32418125,6.540127064,1285.0
46.32433927,6.540250800,1279.0
46.32446990,6.540425795,1273.0
46.32456035,6.540649116,1268.0
46.32468039,6.540840079,1263.0
46.32483134,6.540979488,1259.0
46.32498235,6.541120842,1257.0
46.32514478,6.541231214,1254.0
46.32532041,6.541281098,1252.0
46.32549847,6.541258001,1250.0
46.32567433,6.541203943,1248.0
46.32585107,6.541155865,1246.0
46.32602541,6.541092333,1243.0
46.32619618,6.541010856,1239.0
46.32637111,6.540951435,1235.0
46.32653377,6.540843393,1231.0
46.32669172,6.540718819,1226.0
46.32684764,6.540588989,1221.0
46.32686560,6.540350923,1216.0
46.32678853,6.540118780,1214.0
46.32675958,6.539863770,1209.0
46.32675009,6.539603739,1203.0
46.32668477,6.539362936,1200.0
46.32657761,6.539154727,1200.0
46.32646728,6.538949014,1201.0
46.32641058,6.538703442,1198.0
46.32638724,6.538445510,1193.0
46.32636819,6.538186513,1189.0
46.32632150,6.537935282,1185.0
46.32628938,6.537679112,1182.0
46.32626210,6.537421665,1178.0
46.32627654,6.537162626,1172.0
46.32633211,6.536915336,1164.0
46.32636116,6.536658531,1157.0
46.32634980,6.536398924,1153.0
46.32630898,6.536145435,1151.0
46.32622506,6.535915425,1152.0
46.32614851,6.535679743,1151.0
46.32608552,6.535435805,1148.0
46.32600471,6.535203177,1146.0
46.32591138,6.534980542,1144.0
46.32579615,6.534783911,1140.0
46.32562188,6.534720087,1137.0
46.32544360,6.534686204,1136.0
46.32526808,6.534629320,1134.0
46.32509201,6.534576105,1132.0
46.32491649,6.534519701,1132.0
46.32474742,6.534432654,1135.0
46.32459951,6.534285392,1135.0
46.32447643,6.534095899,1133.0
46.32437856,6.533878177,1130.0
46.32431392,6.533635146,1124.0
46.32425478,6.533389200,1120.0
46.32419119,6.533145629,1114.0
46.32413936,6.532896317,1106.0
46.32409695,6.532643481,1098.0
46.32403268,6.532400229,1091.0
46.32395900,6.532163753,1087.0
46.32383650,6.531988251,1085.0
46.32365863,6.531962394,1090.0
46.32347940,6.531982385,1096.0
46.32329973,6.531980293,1101.0
46.32312228,6.531944585,1098.0
46.32295103,6.531865212,1093.0
46.32278286,6.531772939,1088.0
46.32261682,6.531672850,1083.0
46.32245093,6.531572566,1081.0
46.32228278,6.531480606,1087.0
46.32213277,6.531347910,1090.0
46.32203061,6.531134702,1090.0
46.32195772,6.530897672,1088.0
46.32191835,6.530644796,1087.0
46.32191386,6.530385133,1084.0
46.32193657,6.530127273,1080.0
46.32196445,6.529871175,1077.0
46.32196647,6.529610749,1076.0
46.32197051,6.529350432,1076.0
46.32197985,6.529090341,1074.0
46.32199114,6.528830486,1070.0
46.32202133,6.528575178,1065.0
46.32207746,6.528327746,1058.0
46.32212683,6.528077515,1048.0
46.32216350,6.527822607,1040.0
46.32217930,6.527565084,1034.0
46.32214378,6.527313331,1028.0
46.32206005,6.527083589,1024.0
46.32194382,6.526890525,1023.0
46.32179031,6.526756321,1026.0
46.32162801,6.526644096,1028.0
46.32148493,6.526496602,1028.0
46.32137142,6.526294687,1025.0
46.32123755,6.526127037,1024.0
46.32107286,6.526026171,1027.0
46.32090652,6.525932675,1031.0
46.32077472,6.525766093,1033.0
46.32068161,6.525543381,1032.0
46.32059357,6.525316270,1030.0
46.32056610,6.525081159,1023.0
46.32068047,6.524939464,1013.0
46.32084237,6.525004273,1007.0
46.32097875,6.525173386,1006.0
46.32113236,6.525280834,1003.0
46.32131124,6.525286774,996.0
46.32148942,6.525253549,988.0
46.32166292,6.525273170,982.0
46.32179018,6.525445272,981.0
46.32194181,6.525578160,978.0
46.32210225,6.525695869,974.0
46.32224954,6.525844376,972.0
46.32238017,6.526022883,972.0
46.32251452,6.526195923,972.0
46.32264676,6.526372438,971.0
46.32278285,6.526542674,969.0
46.32292331,6.526705318,966.0
46.32305904,6.526876138,962.0
46.32318970,6.527055082,959.0
46.32326769,6.527286400,959.0
46.32333293,6.527529112,959.0
46.32345252,6.527721118,958.0
46.32350570,6.527525957,954.0
46.32345045,6.527280322,951.0
46.32335568,6.527060618,950.0
46.32324805,6.526852457,951.0
46.32315439,6.526630251,952.0
46.32309279,6.526390586,949.0
46.32310150,6.526135957,943.0
46.32315646,6.525887990,935.0
46.32319584,6.525635908,929.0
46.32315897,6.525397326,927.0
46.32303167,6.525219742,928.0
46.32290202,6.525047392,930.0
46.32280827,6.524825522,931.0
46.32273161,6.524817476,934.0
46.32287247,6.524973202,930.0
46.32304843,6.525024035,924.0
46.32322291,6.525055566,918.0
46.32335507,6.525223895,916.0
46.32342791,6.525461983,918.0
46.32349197,6.525705224,920.0
46.32354033,6.525955583,922.0
46.32359588,6.526184940,924.0
46.32375175,6.526314746,921.0
46.32390369,6.526454120,919.0
46.32406196,6.526571950,915.0
46.32423773,6.526627152,910.0
46.32441369,6.526680873,906.0
46.32450846,6.526734819,905.0
46.32445649,6.526866565,909.0
46.32459121,6.527037336,908.0
46.32473134,6.527200556,907.0
46.32487638,6.527354226,904.0
46.32503750,6.527466626,900.0
46.32520548,6.527559736,896.0
46.32536517,6.527677968,893.0
46.32546117,6.527884287,892.0
46.32542710,6.528125588,895.0
46.32536288,6.528368868,901.0
46.32531703,6.528620366,906.0
46.32539408,6.528838734,907.0
46.32553647,6.528995295,905.0
46.32570186,6.529095492,900.0
46.32588022,6.529112349,894.0
46.32603287,6.528984188,889.0
46.32615027,6.528788038,884.0
46.32626610,6.528588776,878.0
46.32638316,6.528391019,873.0
46.32652197,6.528225981,869.0
46.32667033,6.528078832,864.0
46.32683064,6.527961154,859.0
46.32697696,6.527810228,854.0
46.32712413,6.527660495,850.0
46.32727233,6.527512893,845.0
46.32740444,6.527336504,841.0
46.32748975,6.527108543,837.0
46.32763102,6.526951017,834.0
46.32778758,6.526823024,830.0
46.32795490,6.526727949,827.0
46.32810090,6.526577031,824.0
46.32825022,6.526692641,823.0
46.32842461,6.526628850,820.0
46.32859918,6.526566132,818.0
46.32877459,6.526508548,815.0
46.32895094,6.526457310,812.0
46.32912722,6.526405631,809.0
46.32930043,6.526338998,805.0
46.32943034,6.526166506,801.0
46.32948894,6.525920794,798.0
46.32957918,6.525696408,793.0
46.32969747,6.525500181,789.0
46.32981523,6.525303302,785.0
46.32992883,6.525101403,780.0
46.33003399,6.524890260,776.0
46.33011655,6.524661915,773.0
46.33014697,6.524405618,770.0
46.33022717,6.524183313,767.0
46.33037131,6.524030328,764.0
46.33053551,6.523926480,761.0
46.33070818,6.523853707,758.0
46.33088241,6.523789096,755.0
46.33105723,6.523727858,752.0
46.33123236,6.523668672,749.0
46.33140949,6.523643485,747.0
46.33158727,6.523679860,745.0
46.33176455,6.523708383,743.0
46.33194087,6.523668738,740.0
46.33211083,6.523583905,737.0
46.33227849,6.523489595,734.0
46.33244615,6.523395285,731.0
46.33261650,6.523313002,729.0
46.33279252,6.523287686,730.0
46.33296702,6.523343463,732.0
46.33313405,6.523342020,733.0
46.33330541,6.523296328,733.0
46.33348471,6.523317063,734.0
46.33366311,6.523306803,735.0
46.33380044,6.523173564,733.0
46.33390073,6.522957324,729.0
46.33400103,6.522741084,725.0
46.33410132,6.522524843,721.0
46.33420116,6.522308156,716.0
46.33429669,6.522087528,711.0
46.33438321,6.521859307,705.0
46.33446765,6.521629337,698.0
46.33456254,6.521408396,693.0
46.33469843,6.521253120,689.0
46.33486582,6.521158339,685.0
46.33502775,6.521047660,681.0
46.33518048,6.520910234,677.0
46.33533193,6.520769729,674.0
46.33549360,6.520659130,672.0
46.33566676,6.520655372,672.0
46.33584450,6.520692151,672.0
46.33599841,6.520597617,669.0
46.33609201,6.520381660,666.0
46.33620524,6.520183410,664.0
46.33634950,6.520239467,664.0
46.33643115,6.520465301,665.0
46.33654901,6.520659377,665.0
46.33667926,6.520838993,665.0
46.33681790,6.521004824,665.0
46.33696924,6.521145144,664.0
46.33713100,6.521258618,663.0
46.33729279,6.521372412,662.0
46.33745040,6.521497845,660.0
46.33761632,6.521597755,659.0
46.33779111,6.521657536,659.0
46.33796454,6.521726358,659.0
46.33813069,6.521825483,660.0
46.33827610,6.521977427,660.0
46.33841171,6.522148463,661.0
46.33853715,6.522335053,661.0
46.33863583,6.522552224,662.0
46.33870870,6.522744745,662.0
46.33881596,6.522539881,661.0
46.33896873,6.522425162,659.0
46.33914686,6.522421736,658.0
46.33928888,6.522332044,657.0
46.33941281,6.522145714,655.0
46.33944265,6.521937298,653.0
46.33956831,6.522038558,653.0
46.33972760,6.522159254,654.0
46.33990290,6.522196772,653.0
46.34008235,6.522185639,652.0
46.34026152,6.522162812,651.0
46.34044117,6.522152568,650.0
46.34062006,6.522174835,649.0
46.34079614,6.522226702,649.0
46.34097093,6.522288134,648.0
46.34114802,6.522332688,647.0
46.34132737,6.522346735,645.0
46.34150722,6.522346444,644.0
46.34168693,6.522355390,642.0
46.34186447,6.522394507,642.0
46.34204078,6.522445988,641.0
46.34221731,6.522495923,641.0
46.34239362,6.522547461,641.0
46.34257224,6.522574943,641.0
46.34274971,6.522543162,640.0
46.34292725,6.522501547,640.0
46.34310233,6.522442724,639.0
46.34327436,6.522366909,639.0
46.34343742,6.522258288,639.0
46.34350858,6.522065404,640.0
46.34338055,6.521955509,639.0
46.34340410,6.521747008,638.0
46.34324913,6.521635592,638.0
46.34307488,6.521571021,638.0
46.34290063,6.521506449,637.0
46.34272637,6.521441878,637.0
46.34255260,6.521374708,636.0
46.34241333,6.521226262,636.0
46.34249561,6.521001033,635.0
46.34251341,6.520742145,635.0
46.34259105,6.520507127,635.0
46.34266761,6.520271407,635.0
46.34276175,6.520049637,634.0
46.34288639,6.519861894,634.0
46.34299187,6.519650973,634.0
46.34307529,6.519420148,634.0
46.34316137,6.519191386,634.0
46.34325303,6.518967294,634.0
46.34336437,6.518762747,635.0
46.34349198,6.518579834,635.0
46.34365346,6.518470592,635.0
46.34383233,6.518496987,636.0
46.34400855,6.518549187,637.0
46.34418430,6.518604551,638.0
46.34435900,6.518666487,639.0
46.34453225,6.518735472,641.0
46.34471098,6.518752713,642.0
46.34488367,6.518682131,643.0
46.34503113,6.518543330,644.0
46.34496093,6.518489167,643.0
46.34478743,6.518543069,642.0
46.34466542,6.518407795,641.0
46.34459518,6.518168865,640.0
46.34451718,6.517935121,638.0
46.34443528,6.517703308,637.0
46.34434259,6.517480819,635.0
46.34421458,6.517302254,634.0
46.34407015,6.517146986,633.0
46.34392389,6.516995356,632.0
46.34377184,6.516856562,632.0
46.34361743,6.516722941,631.0
46.34346253,6.516590543,631.0
46.34329608,6.516496581,630.0
46.34311958,6.516451044,629.0
46.34294031,6.516449374,629.0
46.34276191,6.516480123,628.0
46.34258375,6.516515781,628.0
46.34240456,6.516536328,628.0
46.34222521,6.516526693,628.0
46.34205000,6.516472771,629.0
46.34188088,6.516385047,629.0
46.34172192,6.516264661,629.0
46.34157519,6.516114731,629.0
46.34143982,6.515943564,629.0
46.34134512,6.515727275,629.0
46.34140408,6.515506383,629.0
46.34149564,6.515282289,629.0
46.34158753,6.515058332,628.0
46.34165994,6.514820538,628.0
46.34169453,6.514566165,627.0
46.34169987,6.514306207,627.0
46.34169851,6.514045676,626.0
46.34170669,6.513785522,623.0
46.34173988,6.513530050,621.0
46.34180710,6.513289417,619.0
46.34188341,6.513053489,619.0
46.34198370,6.512838224,618.0
46.34209565,6.512634362,617.0
46.34214918,6.512389996,617.0
46.34216675,6.512131156,615.0
46.34218113,6.511871451,614.0
46.34219333,6.511611516,613.0
46.34220371,6.511351412,612.0
46.34220216,6.511091003,610.0
46.34219359,6.510830777,609.0
46.34218352,6.510570647,609.0
46.34220721,6.510313386,609.0
46.34226723,6.510068591,610.0
46.34235101,6.509838402,611.0
46.34244653,6.509617729,612.0
46.34253043,6.509387485,612.0
46.34259432,6.509144245,613.0
46.34263184,6.508889892,613.0
46.34263251,6.508630158,613.0
46.34260025,6.508374392,612.0
46.34254522,6.508126611,612.0
46.34246916,6.507890809,611.0
46.34238399,6.507661369,610.0
46.34229229,6.507437266,610.0
46.34219468,6.507218453,610.0
46.34209044,6.507006167,610.0
46.34198682,6.506793205,610.0
46.34190101,6.506564571,610.0
46.34180877,6.506340990,610.0
46.34171805,6.506116045,610.0
46.34163954,6.505882353,610.0
46.34157063,6.505641789,609.0
46.34150313,6.505400576,608.0
46.34143909,6.505157282,608.0
46.34136333,6.504921159,607.0
46.34128010,6.504690199,605.0
46.34119234,6.504462869,604.0
46.34108554,6.504255518,602.0
46.34095807,6.504071727,601.0
46.34094859,6.503878637,601.0
46.34108145,6.503706159,601.0
46.34108904,6.503494395,601.0
46.34093529,6.503380630,600.0
46.34077198,6.503271633,600.0
46.34068213,6.503051779,599.0
46.34060219,6.502818398,599.0
46.34065791,6.502578923,599.0
46.34058037,6.502351556,599.0
46.34048928,6.502126908,599.0
46.34038058,6.501919509,599.0
46.34026989,6.501714155,599.0
46.34016765,6.501499848,599.0
46.34009748,6.501260373,598.0
46.34001790,6.501026784,598.0
46.33989379,6.500839207,598.0
46.33977044,6.500649613,597.0
46.33965009,6.500456007,597.0
46.33951487,6.500284379,596.0
46.33937118,6.500127725,596.0
46.33924215,6.499946385,595.0
46.33909848,6.499789839,595.0
46.33896135,6.499621304,594.0
46.33885553,6.499410998,594.0
46.33874371,6.499206966,594.0
46.33862058,6.499017103,594.0
46.33849773,6.498826813,594.0
46.33838151,6.498628003,593.0
46.33826739,6.498426637,591.0
46.33815513,6.498223085,592.0
46.33805462,6.498007070,592.0
46.33795550,6.497789680,592.0
46.33783682,6.497594022,592.0
46.33772672,6.497388037,592.0
46.33765086,6.497152019,590.0
46.33758981,6.496906985,588.0
46.33749844,6.496682690,586.0
46.33738076,6.496485748,586.0
46.33723717,6.496328964,586.0
46.33708607,6.496187650,585.0
46.33695748,6.496005508,583.0
46.33682839,6.495824158,581.0
46.33668277,6.495671322,581.0
46.33655162,6.495493025,581.0
46.33642008,6.495315353,582.0
46.33629147,6.495133256,582.0
46.33617463,6.494935228,582.0
46.33607151,6.494721812,582.0
46.33595655,6.494521465,582.0
46.33584619,6.494315772,582.0
46.33574285,6.494102553,582.0
46.33564035,6.493888483,582.0
46.33553968,6.493672607,582.0
46.33543978,6.493455973,582.0
46.33533551,6.493243709,581.0
46.33523018,6.493032612,581.0
46.33514212,6.492805502,580.0
46.33503888,6.492593485,579.0
46.33489860,6.492430948,578.0
46.33478690,6.492231170,577.0
46.33477153,6.491977898,577.0
46.33484716,6.491742489,577.0
46.33495213,6.491531202,577.0
46.33507121,6.491336187,577.0
46.33520026,6.491154735,577.0
46.33533062,6.490975246,577.0
46.33546264,6.490798348,578.0
46.33559730,6.490625648,577.0
46.33573115,6.490451691,577.0
46.33585868,6.490268122,577.0
46.33598096,6.490077230,576.0
46.33611267,6.489900008,576.0
46.33625249,6.489736153,575.0
46.33639260,6.489573015,574.0
46.33652302,6.489393857,573.0
46.33664495,6.489202363,572.0
46.33677034,6.489015619,572.0
46.33690092,6.488836647,573.0
46.33704092,6.488673279,573.0
46.33718850,6.488524514,574.0
46.33734071,6.488385721,575.0
46.33748968,6.488239870,575.0
46.33763374,6.488083904,576.0
46.33777753,6.487927399,576.0
46.33792099,6.487770252,576.0
46.33806466,6.487613569,576.0
46.33820493,6.487450498,576.0
46.33834596,6.487288919,576.0
46.33849360,6.487140341,574.0
46.33864984,6.487012331,573.0
46.33881632,6.486913748,571.0
46.33898218,6.486813586,570.0
46.33914320,6.486697689,567.0
46.33930986,6.486600720,565.0
46.33948142,6.486523100,564.0
46.33964646,6.486420647,562.0
46.33980298,6.486292297,560.0
46.33995853,6.486161485,558.0
46.34011402,6.486030597,556.0
46.34026012,6.485881168,554.0
